{
  "CaptureWidthSize": 3840,
  "CaptureHeightSize": 2160,
  "VideoWidthSize": 1920,
  "VideoHeightSize": 1536,
  "FrameRate": 20.0,
  "CameraDeviceID": 0,
  "CameraSetPosition": 1,
  "CameraCenterPosition": 2,
  "MotorTimeOut": 30000,
  "ChartWaitTime": 1000,
  "DefaultOutputFolder": "C:\\test",
  "CropSettings": {
    "CropTop": 0,
    "CropBottom": 0,
    "CropLeft": 567,
    "CropRight": 576
  },
  "ChartSwingAngle": {
    "Horizontal": 45,
    "Vertical": 35
  },
  "ChartSpeed": {
    "Horizontal": 2500,
    "Vertical": 15000
  },
  "Controllers": [
    {
      "Name": "OrientalMotor_Vertical",
      "IPAddress": "10.1.10.10"
    },
    {
      "Name": "OrientalMotor_Horizontal",
      "IPAddress": "10.1.10.11"
    },
    {
      "Name": "IAI_Controller",
      "IPAddress": "10.1.10.12"
    }
  ],
  "CameraModels": {
    "TC2220": {
      "Charts": {
        "A1": {
          "Distances": {
            "1.6m": {
              "position": [
                52.0
              ]
            },
            "3.0m": {
              "position": [
                36.0,
                37.0,
                38.0,
                39.0,
                52,
                40,
                41,
                42,
                43
              ]
            },
           "4.2m": {
              "position": [
                44.0,
                45.0,
                46.0,
                47,
                52,
                48,
                49,
                50,
                51
              ]
            }
          }
        }
      }
    },
    "CM098A": {
      "Charts": {
        "A1": {
          "Distances": {
            "0.33m": {
              "position": [
                3.0
              ]
            },
            "0.7m": {
              "position": [
                20,
                21,
                22,
                23,
                3,
                24,
                25,
                26,
                27
              ]
            },
           "1.1m": {
              "position": [
                28,
                29,
                30,
                31,
                3,
                32,
                33,
                34,
                35
              ]
            }
          }
        }
      }
    },
    "CM095A": {
      "Charts": {
        "A1": {
          "Distances": {
            "0.33m": {
              "position": [
                3
              ]
            },
            "0.7m": {
              "position": [
                4,
                5,
                6,
                7,
                3,
                8,
                9,
                10,
                11
              ]
            },
           "1.1m": {
              "position": [
                12,
                13,
                14,
                15,
                3,
                16,
                17,
                18,
                19
              ]
            }
          }
        }
      }
    },
    "CM096A": {
      "Charts": {
        "A1": {
          "Distances": {
            "sample1": {
              "position": [
                49,
                45,
                46,
                47,
                48,
                50,
                51,
                52,
                53
              ]
            },
            "sample2": {
              "position": [
                54,
                55,
                56,
                57,
                58
              ]
            }
          }
        }
      }
    }
  }
}